"","MVP_Effic_2022","MVP_Ineffic_2022","maxRet_Effic_2022","maxRet_Ineffic_2022","maxSR_Effic_2022","maxSR_Ineffic_2022","minCVaR_Effic_2022","minCVaR_Ineffic_2022","EW_Effic_2022","EW_Ineffic_2022"
"Modigliani-SP500 (Rf=0.0047)",0.000378119508189816,0.00121869723307983,0.001138591570617,0.00158309892523934,0.00113088715123578,0.00139434350700771,0.000395247329571686,0.00134617250067358,0.000655843469988168,0.00117657304075489
"Modigliani-Nasdaq100 (Rf=0.0047)",-0.00119843374662483,-4.91776084225494e-05,-0.000158699811502839,0.000449040306572053,-0.00016923346116183,0.000190969795543446,-0.00117501621690178,0.000125109348527527,-0.000818723508806698,-0.000106770719877637
"Modigliani-Russel1000 (Rf=0.0047)",0.000257601443667141,0.00112177578657099,0.00103942140556386,0.00149640692840406,0.00103150070845392,0.00130235278600908,0.000275210075623202,0.00125282952776278,0.000543121646129259,0.00107846908792212
"Modigliani-IBrX50 (Rf=0.0047)",0.00103151182700032,0.00174415977620727,0.00167624560910098,0.00205310219868104,0.00166971374594392,0.00189307397318641,0.00104603291936423,0.00185223424134633,0.00126696823508813,0.00170844657755416
"Modigliani-Ibovespa (Rf=0.0047)",0.00122184634046462,0.00189722808541535,0.00183286532574115,0.00219001510965619,0.00182667503060075,0.00203835517392466,0.00123560808735555,0.00199965105727889,0.0014449901240553,0.00186338242227839
